"id","fact","image","question","option_a","option_b","option_c","option_d","correct_option"
1,"Swans mate for life","/static/animal_images/Gemini_Generated_Image_qen7i6qen7i6qen7.png","I stay with my partner forever, and when we meet, our necks form a heart! Who am I?","Dove","Swan","Parrot","Flamingo","B"
2,"Kingfishers smack food","/static/animal_images/Gemini_Generated_Image_cw3ut9cw3ut9cw3u.png","I smash my dinner before eating itâ€”because my food needs a good beating first! Who am I?","Eagle","Kingfisher","Penguin","Owl","B"
3,"Macaws have powerful beaks","/static/animal_images/Gemini_Generated_Image_iygp4jiygp4jiygp (1).png","My beak is so strong, I could probably crack open a treasure chest! Who am I?","Macaw","Crow","Pelican","Eagle","A"
4,"Owls rotate heads","/static/animal_images/Gemini_Generated_Image_iygp4jiygp4jiygp (2).png","I can turn my head almost all the way aroundâ€”like a little night-time ninja! Who am I?","Owl","Parrot","Bat","Crow","A"
5,"Wolves direct register","/static/animal_images/Gemini_Generated_Image_iygp4jiygp4jiygp (3).png","When I walk, my back feet step right into my front footprints. Sneaky, right? Who am I?","Cat","Tiger","Fox","Wolf","D"
6,"Sheep wool grows thick","/static/animal_images/Gemini_Generated_Image_iygp4jiygp4jiygp (4).png","If Iâ€™m not shaved, I turn into a giant fluffy ball of wool! Who am I?","Goat","Sheep","Cow","Dog","B"
7,"Goats climb cliffs","/static/animal_images/Gemini_Generated_Image_iygp4jiygp4jiygp (5).png","I climb cliffs like Spider-Manâ€”with hooves that never slip! Who am I?","Goat","Donkey","Camel","Zebra","A"
8,"Eagles huge nests","/static/animal_images/Gemini_Generated_Image_qen7i6qen7i6qen7 (2).png","My nest is so huge it can weigh more than a carâ€”and I keep adding to it every year! Who am I?","Crow","Eagle","Owl","Falcon","B"
9,"Monkeys use tools","/static/animal_images/Gemini_Generated_Image_qxcjz4qxcjz4qxcj (1).png","I use sticks and stones as toolsâ€”call me the tiny engineer of the jungle! Who am I?","Monkey","Crow","Otter","Parrot","A"
10,"Giraffes have 7 neck bones","/static/animal_images/Gemini_Generated_Image_qxcjz4qxcjz4qxcj (2).png","I have a super long neck, but only seven neck bonesâ€”just like humans! Who am I?","Giraffe","Camel","Ostrich","Horse","A"
11,"Rabbits eat poop (cecotropes)","/static/animal_images/Gemini_Generated_Image_qxcjz4qxcjz4qxcj (3).png","I eat my food twiceâ€”yes, even my soft poop! Who am I?","Rabbit","Cow","Panda","Deer","A"
12,"Tigers have skin stripes","/static/animal_images/Gemini_Generated_Image_qxcjz4qxcjz4qxcj (4).png","My stripes are not just on my furâ€”theyâ€™re on my skin too! Who am I?","Zebra","Tiger","Cheetah","Leopard","B"
13,"Crows remember faces","/static/animal_images/Gemini_Generated_Image_3ekhag3ekhag3ekh (1).png","Iâ€™m the clever bird who never forgets a face! Who am I?","Parrot","Crow","Owl","Eagle","B"
14,"Pigeons navigate","/static/animal_images/Gemini_Generated_Image_3ekhag3ekhag3ekh (2).png","I can find my way home without a phone or map! Who am I?","Pigeon","Peacock","Sparrow","Hen","A"
15,"Sparrows sleep locked","/static/animal_images/Gemini_Generated_Image_3ekhag3ekhag3ekh.png","I sleep on branches without falling off, thanks to my auto-locking claws! Who am I?","Bat","Monkey","Sparrow","Squirrel","C"
16,"Parrots mimic sounds","/static/animal_images/Gemini_Generated_Image_5ou86t5ou86t5ou8.png","I can copy your laughter, your doorbell, or even your parents arguing! Who am I?","Parrot","Crow","Duck","Hen","A"
17,"Deer regrow antlers","/static/animal_images/Gemini_Generated_Image_iygp4jiygp4jiygp (6).png","I grow new crowns every yearâ€”my antlers are my yearly makeover! Who am I?","Moose","Deer","Elephant","Giraffe","B"
18,"Hippos have sunscreen sweat","/static/animal_images/Gemini_Generated_Image_iygp4jiygp4jiygp (7).png","I donâ€™t need sunscreen because my body makes its own pink lotion! Who am I?","Pig","Elephant","Hippopotamus","Rhino","C"
19,"Alligators swallow stones","/static/animal_images/Gemini_Generated_Image_iygp4jiygp4jiygp (8).png","I swallow big stones to help me sink in waterâ€”my own natural weights! Who am I?","Alligator","Penguin","Duck","Seal","A"
20,"Peacock dances","/static/animal_images/Gemini_Generated_Image_iygp4jiygp4jiygp.png","I spread my colorful feathers and dance like Iâ€™m saying, â€œLook at me!â€ Who am I?","Parrot","Peacock","Duck","Swan","B"
21,"Ducks oil feathers","/static/animal_images/Gemini_Generated_Image_qen7i6qen7i6qen7 (1).png","I oil my feathers every day so I can swim without getting wet! Who am I?","Swan","Duck","Penguin","Goose","B"
22,"Cows have 4 stomachs","/static/animal_images/Gemini_Generated_Image_qxcjz4qxcjz4qxcj (5).png","I have four stomachs and spend hours chewing food! Who am I?","Cow","Deer","Camel","Goat","A"
23,"Elephants walk silently","/static/animal_images/Gemini_Generated_Image_qxcjz4qxcjz4qxcj (6).png","Iâ€™m giant but walk silentlyâ€”my feet have shock absorbers! Who am I?","Elephant","Rhino","Hippo","Giraffe","A"
24,"Lions sleep 20 hrs/day","/static/animal_images/Gemini_Generated_Image_qxcjz4qxcjz4qxcj (7).png","Iâ€™m the king who sleeps all day while my queen hunts! Who am I?","Tiger","Lion","Leopard","Panther","B"
25,"Golden Retriever soft mouth","/static/animal_images/Gemini_Generated_Image_qxcjz4qxcjz4qxcj (8).png","I can carry a raw egg in my mouth without breaking it! Who am I?","Golden Retriever","Cat","Crocodile","Dolphin","A"
26,"Cats mark scent","/static/animal_images/Gemini_Generated_Image_qxcjz4qxcjz4qxcj (9).png","When I rub against you, Iâ€™m claiming you as mine! Who am I?","Cat","Dog","Rabbit","Panda","A"
27,"Horses sleep standing","/static/animal_images/Gemini_Generated_Image_qxcjz4qxcjz4qxcj.png","I can sleep standing up because my legs lock like magic! Who am I?","Cow","Horse","Zebra","Deer","B"
28,"Bears torpor sleep","/static/animal_images/Gemini_Generated_Image_xs8hlbxs8hlbxs8h (1).png","I donâ€™t really hibernateâ€”I just nap lightly and wake up for snacks! Who am I?","Bear","Panda","Fox","Tiger","A"
29,"Pandas eat bamboo","/static/animal_images/Gemini_Generated_Image_xs8hlbxs8hlbxs8h (2).png","I spend half my day eating bambooâ€”food is my full-time job! Who am I?","Koala","Panda","Sloth","Rabbit","B"
30,"Foxes magnetic hunting","/static/animal_images/Gemini_Generated_Image_xs8hlbxs8hlbxs8h (3).png","I use the Earthâ€™s magnetic field to aim my jumpsâ€”GPS built-in! Who am I?","Frog","Cat","Fox","Owl","C"
31,"Kangaroos canâ€™t walk backward","/static/animal_images/Gemini_Generated_Image_xs8hlbxs8hlbxs8h (4).png","I canâ€™t walk backwardâ€”my legs and tail only move forward! Who am I?","Ostrich","Kangaroo","Penguin","Elephant","B"
32,"Camels store fat in hump","/static/animal_images/Gemini_Generated_Image_xs8hlbxs8hlbxs8h.png","People think I store water in my hump, but itâ€™s actually fat! Who am I?","Horse","Elephant","Camel","Donkey","C"
33,"Inspired by insects, this six-legged walker uses a 'Tripod Gait,' keeping three legs down at all times.","/static/animal_images/Gemini_Generated_Image_3kmc7u3kmc7u3kmc.png","I have the firepower of a tank, the stability of a spider, and can climb mountains. My secret is my six legs and my 'Tripod Gait.' Who am I?","A Mobile Artillery Vehicle","A Heavy Tracked Excavator","A Spider Tank","A Two-Legged Mech Suit","C"
34,"This design is similar to space probes that fly incredibly close to the Sun, like NASA's Parker Solar Probe.","/static/animal_images/Gemini_Generated_Image_3tqyud3tqyud3tqy.png","I hold the record for the fastest human-made object, traveling over 430,000 mph. Who am I?","The Hubble Space Telescope","The Voyager 1 Probe","The Parker Solar Probe","The Juno Jupiter Orbiter","C"
35,"The classic 'flying saucer' shape became popular after the 1947 Kenneth Arnold sighting.","/static/animal_images/Gemini_Generated_Image_3tqyud3tqyud3tqy (1).png","I am an aerial object whose origin is unknown, often associated with extraterrestrial visitors. What am I?","A Secret Military Drone","An Experimental Aircraft","An Optical Illusion","A UFO (Unidentified Flying Object)","D"
36,"Quadcopters achieve flight stability by constantly changing the speed of their four propellers independently.","/static/animal_images/Gemini_Generated_Image_6asa0o6asa0o6asa.png","I have four arms and rely on constant, rapid adjustments to stay steady in the air. Who am I?","A Helicopter","A Fixed-Wing Jet","A Hot Air Balloon","A Quadcopter Drone","D"
37,"This device highlights the 'Steampunk' aesthetic, powered by gears and retrofuturistic science.","/static/animal_images/Gemini_Generated_Image_6asa0o6asa0o6asa (1).png","I am a fantastic machine powered by gears and retrofuturistic science, often featuring pilots in spherical cockpits. Who am I?","A Modern Fighter Jet","A Steampunk Airship","A Nuclear Submarine","A Mars Rover","B"
38,"Many sci-fi ships feature sharp, exposed components for dramatic effect.","/static/animal_images/Gemini_Generated_Image_6asa0o6asa0o6asa (2).png","I am a high-speed starship designed for combat, featuring multiple exposed blades. What am I?","A Cargo Freighter","An Interplanetary Shuttle","A Fighter/Interceptor Starship","A Deep-Space Satellite","C"
39,"Modern industrial robot arms can achieve incredible precision using up to six joints, or 'degrees of freedom'.","/static/animal_images/Gemini_Generated_Image_co6k62co6k62co6k.png","I am highly precise, found in factories, and can be programmed for welding or assembly. What am I?","A Crane","A Digger","An Industrial Robot Arm","A Simple Lever","C"
40,"Large tracked vehicles like this use low ground pressure systems to avoid sinking into soft terrain.","/static/animal_images/Gemini_Generated_Image_euookgeuookgeuoo - Copy.png","I am a massive, tracked vehicle built for harsh, unstable environments. Who am I?","A Desert Dune Buggy","A Standard Truck","A Submersible Vehicle","A Heavy-Duty Planetary Rover","D"
41,"Eight-legged designs offer superior stability by keeping four legs on the ground at all times.","/static/animal_images/Gemini_Generated_Image_hmdx3hmdx3hmdx3h.png","I am an eight-legged walker with antennae and machinery for rough terrain. What am I?","A Quadruped Robot","A Bipedal Mech","A Steampunk Arachnid Walker","A Hovercraft","C"
42,"During a spacewalk (EVA), astronauts wear suits that act as mini spacecrafts.","/static/animal_images/Gemini_Generated_Image_k0cxbpk0cxbpk0cx.png","I float silently in space, protected by a pressurized suit. Who am I?","A High-Altitude Skydiver","A Deep-Sea Diver","A Fighter Pilot","An Astronaut (on EVA)","D"
43,"A key principle of rocket launches is 'staging' â€” shedding empty parts to reduce weight.","/static/animal_images/Gemini_Generated_Image_k0cxbpk0cxbpk0cx (1).png","I defy gravity, propelled by immense thrust and fire. Who am I?","A Hot Air Balloon","A Fighter Jet","A Space Launch Rocket","A Parachute","C"
44,"This circular device suggests communication or sensing using large antennae.","/static/animal_images/Gemini_Generated_Image_reoylgreoylgreoy.png","I am a scientific instrument with large dishes to listen across vast distances. Who am I?","A Cooking Device","A Simple Telescope","A Radio Telescope / Advanced Sensor Array","A Water Pump","C"
45,"The numerous antennae collect scientific data like magnetic fields and plasma waves.","/static/animal_images/Gemini_Generated_Image_reoylgreoylgreoy (1).png","I am an explorer of space, bristling with dishes to gather cosmic secrets. Who am I?","A Space Station","A Starship","A Scientific Probe / Satellite","A Space Shuttle","C"
46,"The 'Insectoid Alien' archetype represents beings with different psychologies and exoskeletons.","/static/animal_images/Gemini_Generated_Image_reoylgreoylgreoy (2).png","I am a creature from beyond the stars, sleek and multi-limbed. Who am I?","A Giant Insect","A Robot","An Insectoid Alien","A Human in a Costume","C"
47,"Future Martian bases may use inflatable modules for habitats on distant worlds.","/static/animal_images/Gemini_Generated_Image_reoylgreoylgreoy (3).png","I am a pioneering outpost featuring domes and solar panels. Who am I?","A Submarine Base","A Desert Station","A Space Colony / Martian Base","An Arctic Base","C"
48,"Modern drone controllers often integrate smartphones for GPS and video feed.","/static/animal_images/Gemini_Generated_Image_s6x26vs6x26vs6x2 (1).png","I am the link between human and flying machine, holding a live video feed. Who am I?","A Car Remote","A TV Remote","A Drone Controller","A Gamepad","C"
49,"The most common type of 3D printing is FDM â€” additive layer-by-layer construction.","/static/animal_images/Gemini_Generated_Image_s6x26vs6x26vs6x2 (2).png","I am a machine that builds objects layer by layer from digital designs. Who am I?","A Laser Engraver","A Sewing Machine","A 3D Printer","A CNC Mill","C"
50,"Modern turbofan jet engines achieve efficiency with a large front fan and bypass airflow.","/static/animal_images/Gemini_Generated_Image_s6x26vs6x26vs6x2 (3) - Copy.png","I suck in air, ignite fuel, and blast out gas to fly giants through the sky. Who am I?","A Piston Engine","A Rocket Engine","A Propeller Engine","A Turbofan Jet Engine","D"
51,"Mars Rovers use a 'rocker-bogie' suspension system for stability on rough terrain.","/static/animal_images/Gemini_Generated_Image_s6x26vs6x26vs6x2 (4).png","I travel across the red surface of Mars searching for signs of water. Who am I?","An Earth Research Vehicle","A Lunar Lander","A Mars Rover","A Deep-Sea Submarine","C"
52,"VR headsets use two images to create depth and immersion in a 3D virtual world.","/static/animal_images/Gemini_Generated_Image_s6x26vs6x26vs6x2 (6).png","I cover your eyes and ears to transport you into a new digital realm. Who am I?","A 3D Movie Glasses","A Simple Headphone","A Virtual Reality Headset","A Binocular","C"
53,"This represents the fusion of biology and technology â€” the 'Biopunk' aesthetic.","/static/animal_images/Gemini_Generated_Image_xt8olyxt8olyxt8o.png","I am a mythical creature reborn through science, with solar wings and glowing circuits. Who am I?","A Simple Mythological Beast","A Traditional Robot","A Biomechanical Dragon / Cyberserpent","An Ancient Fossil","C"
54,"âœ¨ Fact: Your shadow copies everything you do â€” but never talks back! It changes shape depending on the Sunâ€™s angle, and disappears completely in total darkness. Thatâ€™s natureâ€™s own silent twin! ğŸ–¤","ğŸ•µï¸â€â™‚ï¸ğŸ‘£ = ?","I hide your steps but keep your secrets.","A) Mask","B) Shoes","C) Shadow","D) Eraser","C"
55,"ğŸ’¾ Fact: A USB drive can hold millions of songs or photos â€” all in something smaller than your thumb! The worldâ€™s smallest USB was just 1 cm long â€” smaller than an eraser tip! ğŸ¶","ğŸ“¼ğŸ”’ = ?","I hold songs you forgot and moments you saved.","A) Diary","B) Old Phone","C) Photo Album","D) USB Drive","D"
56,"ğŸ“º Fact: The first TV broadcast happened in 1928 â€” black and white, no sound! Now your smart TV has more power than the first spaceship computer. Crazy, right? ğŸš€","ğŸ”ŠğŸ“º = ?","I speak without voice and show without eyes.","A) Radio","B) TV","C) Headphones","D) Podcast","B"
57,"ğŸ”‡ Fact: Complete silence doesnâ€™t really exist! Even in a soundproof room, you can still hear your heartbeat and breathing. Thatâ€™s your bodyâ€™s private concert. â¤ï¸","ğŸ¤â“ = ?","I vanish when you call my name, yet I'm always there.","A) Silence","B) Echo","C) Shadow","D) Thought","A"
58,"ğŸ¤ Fact: Promises are like invisible glue between people. Even when hearts break, keeping a promise makes you stronger and trustworthy. ğŸ§ ğŸ’–","ğŸ’”â¡ï¸ğŸ«‚ = ?","I can be broken but still can hold you together.","A) Promise","B) Glass","C) Rope","D) Bottle","A"
59,"â° Fact: The clock was invented around 725 AD in China! Every tick you hear is actually the sound of gears turning â€” tiny machines keeping your life on time. ğŸ•°ï¸","ğŸ”ğŸƒâ€â™€ï¸ = ?","I travel in circles but never get dizzy.","A) Clock Hands","B) Wheel","C) Carousel","D) Fan","A"
60,"ğŸ“¬ Fact: The first mailbox was installed in 1653 in Paris! Today, more than 300 billion letters travel each year â€” thatâ€™s like every person on Earth sending 40 letters! ğŸ’Œ","âœ‰ï¸ğŸ“¬ = ?","Iâ€™m full of letters but no words live inside me.","A) Mailbox","B) Keyboard","C) Envelope","D) Post Office","A"
61,"âŒ› Fact: Everyone has 86,400 seconds a day. Spend them wisely â€” because unlike money, time never comes back! ğŸ’«","â³ğŸ’¸ = ?","I grow when you waste me and shrink when you use me well.","A) Time","B) Money","C) Battery","D) Food","A"
62,"ğŸ’¬ Fact: Trust takes years to build and seconds to break. Itâ€™s the real currency of friendship â€” not money, but honesty. ğŸ«±ğŸ¼â€ğŸ«²ğŸ½","ğŸ§©ğŸ¤ = ?","I am broken by truth but built by trust.","A) Friendship","B) Glass","C) Silence","D) Promise","D"
63,"ğŸŒ‘ Fact: Shadows move faster than you think! They stretch and shrink as the Sun moves â€” almost like theyâ€™re dancing silently. ğŸŒğŸ–¤","â˜€ï¸ğŸŒ™ = ?","I can wake without sound and sleep without tiredness.","A) Alarm","B) Shadow","C) Sunflower","D) Sleep Cycle","B"
64,"ğŸ“± Fact: Your phone is 100,000 times more powerful than NASAâ€™s Apollo 11 computer, which took humans to the moon! ğŸš€ğŸ“²","ğŸŒğŸ‘– = ?","I can carry weight of the world yet I fit in your pocket.","A) Map","B) Phone","C) Keychain","D) Wallet","B"
65,"ğŸ“… Fact: The worldâ€™s first calendar was made by ancient Egyptians using the stars! Every square in your calendar is a story of time and planning. ğŸŒ ","ğŸ”®ğŸ“… = ?","I show you the future but have no eyes.","A) Calendar","B) Horoscope","C) Weather App","D) Clock","A"
66,"ğŸ§ Fact: The first earphones were invented for telephone operators in 1881 â€” and they weighed 10 TIMES more than todayâ€™s AirPods! ğŸ˜‚","ğŸ‘‚ğŸ”‡ = ?","I often come in pairs but never touch each other.","A) Earphones (left/right)","B) Gloves","C) Sunglasses","D) Shoes","A"
67,"ğŸ§½ Fact: A real sea sponge is actually a living creature! It cleans ocean water naturally â€” the oceanâ€™s own cleaning crew! ğŸŒŠ","ğŸ§½ğŸ’§ = ?","I can be full of holes and still hold water.","A) Sponge","B) Net","C) Sieve","D) Bucket","A"
68,"ğŸ›£ï¸ Fact: The longest road in the world is 48,000 km long â€” you could drive for months and still not reach the end! ğŸ—ºï¸","ğŸš—ğŸ§ = ?","I move you without moving myself.","A) Road","B) Vehicle","C) Elevator","D) Seatbelt","A"
69,"ğŸ‘ï¸ Fact: Shadows only appear when light hits an object. Thatâ€™s why astronauts on the Moon have the darkest shadows ever seen! ğŸŒ•","ğŸ‘»ğŸ”¦ = ?","I disappear when you look at me directly.","A) Reflection","B) Shadow","C) Ghost","D) Mirage","B"
70,"ğŸ¤« Fact: Once a secret is shared, it can never be truly hidden again. Thatâ€™s why trust is more powerful than any lock. ğŸ”","ğŸ“–ğŸ”“ = ?","I can be opened but never closed again.","A) Book","B) Door","C) Secret","D) Letter","C"
71,"ğŸŒˆ Fact: White light has 7 hidden colors inside â€” red to violet! Prisms just separate them to show natureâ€™s hidden rainbow. ğŸ’","ğŸŒˆâ˜€ï¸ = ?","I feed on light but give you color.","A) Prism","B) Plant","C) Paint","D) Rainbow","A"
72,"ğŸ”Š Fact: Echoes happen because sound waves bounce off walls or mountains. Bats and dolphins use echoes to â€œseeâ€ in the dark! ğŸ¦‡ğŸ¬","ğŸ—£ï¸â†©ï¸ = ?","I repeat what you say but with a delay.","A) Echo","B) Tape Recorder","C) Replay","D) Parrot","A"
73,"ğŸ”¥ Fact: The tip of a match burns at nearly 1,400Â°C â€” hotter than lava from a volcano! ğŸŒ‹","ğŸ•¯ï¸ğŸ”¥ = ?","Iâ€™m needed to start but useless when finished.","A) Matchstick","B) Candle","C) Lighter","D) Gas","A"
74,"ğŸ•°ï¸ Fact: Time is the most valuable thing in the universe! You canâ€™t see it, touch it, or save it â€” yet it changes everything. Even light takes time to travel. The faster you run after time, the quicker it slips away!","ğŸƒâ€â™‚ï¸ğŸ’¨ = ?","I vanish when you try to hold me, yet you chase me every day.","A) Breath","B) Time","C) Wind","D) Shadow","B"
75,"ğŸ¬ Fact: Acting is one of the oldest art forms â€” ancient Greeks used masks on stage! Every role teaches empathy because an actor lives many lives in one lifetime.","ğŸ§‘â€ğŸ­ğŸ” = ?","I wear different faces but keep the same name.","A) Actor","B) Mask","C) Emotion","D) Mirror","A"
76,"ğŸ¥š Fact: The egg shell may look fragile, but itâ€™s a perfect natural design â€” strong enough to protect life inside! An egg symbolizes both secrecy and creation.","ğŸ¥šğŸ”“ = ?","I keep secrets but spill them when cracked.","A) Safe","B) Egg","C) Code","D) Diary","B"
77,"âŒ› Fact: Time is like a doorway â€” invisible but powerful. Every second you live, youâ€™re stepping into the future. No one can skip it or walk backward through it!","ğŸ›¤ï¸â³ = ?","Iâ€™m a door with no frame; everyone passes through me.","A) Tunnel","B) Train","C) Time","D) Bridge","C"
78,"ğŸ’­ Fact: Scientists say emotions affect your bodyâ€™s chemistry! Stress can make you heavy, while love or laughter makes you feel light. Amazing, right?","ğŸ§ ğŸ”ï¸ = ?","I can be heavy as mountains or light as a feather â€” depends on how you carry me.","A) Knowledge","B) Luggage","C) Emotion","D) Money","C"
79,"ğŸŒˆ Fact: Your mood affects even how you see colors! Studies show people in good moods notice brighter shades â€” happiness literally makes the world colorful.","ğŸ˜¶â€ğŸŒ«ï¸ğŸ­ = ?","Iâ€™m invisible but show your true colors.","A) Mood","B) Mask","C) Opinion","D) Friendship","A"
80,"ğŸ¤ Fact: Secrets are ancient power â€” even kings and spies used codes to hide them. But once spoken aloud, they lose their mystery forever!","ğŸ¤«ğŸ”Š = ?","Iâ€™m born from silence and die in noise.","A) Thought","B) Secret","C) Idea","D) Sleep","B"
81,"ğŸ§© Fact: Codes are the language of computers, spies, and geniuses! Every digital message â€” even emojis â€” is secretly converted into numbers (binary code).","ğŸ”¢ğŸ•µï¸ = ?","I speak in numbers but love to hide in words.","A) Math","B) Password","C) Code","D) Calendar","C"
82,"âš™ï¸ Fact: Escalators are moving stairs invented in 1897 â€” they use clever gear systems and mirrors in malls to look infinite and fancy!","ğŸªâ†•ï¸ = ?","I look like a ladder but take you inside a house of mirrors.","A) Stairs","B) Elevator","C) Escalator","D) Reflection","C"
83,"ğŸŒ Fact: There are over 5 billion people online today â€” thatâ€™s a massive web of connections! Social networks are basically living maps of human life.","ğŸ“ŠğŸ§‘â€ğŸ¤â€ğŸ§‘ = ?","Iâ€™m a map of people, not places.","A) Family Tree","B) Census","C) Social Network","D) School Roll","C"
84,"âš™ï¸ Fact: Gears have â€˜teethâ€™ so they can transfer power perfectly. Without gears, bikes, cars, and even watches wouldnâ€™t work!","ğŸ¦·ğŸ”§ = ?","I have teeth but never bite â€” I make things smooth or rough.","A) Saw","B) Comb","C) Gear","D) Zipper","C"
85,"ğŸª£ Fact: An empty jar holds space â€” and that space is what makes it useful! Ancient philosophers even said emptiness gives things their purpose.","ğŸ’¡ğŸª£ = ?","I am bright when empty and useless when full.","A) Lantern","B) Sponge","C) Light Bulb","D) Jar","D"
86,"ğŸªŸ Fact: Windows are magical! They let light, reflection, and memories pass through â€” showing the outside world like a live photo frame.","ğŸªğŸ“¸ = ?","I can show you the past but I live in present glass.","A) Mirror","B) Photo Frame","C) Window","D) Memory","C"
87,"ğŸ­ Fact: Curtains have symbolized mystery and drama since ancient theater days â€” when they open, a new world begins; when they close, it ends.","ğŸ€ğŸª‘ = ?","I take a bow but never perform; I sit still while others stand.","A) Cushion","B) Chair","C) Gift","D) Curtain","D"
88,"ğŸ’” Fact: A promise isnâ€™t just words â€” it changes brain chemistry, creating trust! Breaking one causes real stress and emotional pain.","â¤ï¸ğŸ©¹ = ?","I can be broken without touch and fixed without tools.","A) Heart","B) Promise","C) Record","D) Silence","B"
89,"ğŸŒ» Fact: Plants can â€˜sleepâ€™! Many flowers close at night or in winter to save energy â€” a natural time management trick from nature.","ğŸŒ·â„ï¸ = ?","I sleep in winter and wake in summer â€” yet I never feel cold or hot.","A) Hibernation","B) Plant/Flower","C) Sun","D) Seasonal Clothes","B"
90,"ğŸš¦ Fact: The first traffic light was installed in 1868 in London! Without them, cities would literally turn into chaos in just 2 minutes.","ğŸ“ğŸ”¥ = ?","I follow rules but create chaos when ignored.","A) Law","B) Traffic Signals","C) Recipe","D) Discipline","B"
91,"ğŸ¹ Fact: A piano has 88 keys, yet none open doors â€” they open hearts. Each key is tuned to vibrate perfectly with your emotions!","ğŸ¹ğŸ”‘ = ?","Iâ€™m full of keys but open no locks.","A) Keyboard (piano)","B) Piano Shop","C) Keyboard (computer)","D) Locker","A"
92,"ğŸ“– Fact: Your imagination uses the same brain area as memories! Thatâ€™s why when you imagine something deeply, it feels almost real.","âœï¸ğŸ“š = ?","I feed on letters and grow into stories.","A) Book","B) Pen","C) Imagination","D) Library","C"
93,"ğŸŒ¬ï¸ Fact: Wind chimes were invented in ancient Asia â€” they combine physics and music! The wind composes the melody all by itself.","ğŸŒ€ğŸ¶ = ?","I move without legs and sing without throat.","A) Wind Chime","B) River","C) Fan","D) Echo","A"
94,"ğŸ“ Fact: The first phone call ever made was in 1876 by Alexander Graham Bell â€” and he accidentally said, â€˜Mr. Watson, come here!â€™ ğŸ˜‚","â˜ï¸ğŸ” = ?","Iâ€™m the bridge between two voices â€” heard but not seen.","A) Microphone","B) Telephone/Call","C) Headphones","D) Messenger App","B"
95,"ğŸŒ° Fact: Acorns may look tiny, but they grow into giant oak trees that live for hundreds of years â€” proof that small things hold big power.","ğŸ‘‘ğŸŸ  = ?","I wear a crown but sit low; Iâ€™m small yet often priceless.","A) King","B) Orange (fruit)","C) Crown Jewel","D) Acorn","D"
96,"ğŸ§  Fact: Your brain stores around 2.5 petabytes of data â€” thatâ€™s equal to 3 million hours of TV! It truly is the most powerful â€˜boxâ€™ ever made.","ğŸ§ ğŸ“¦ = ?","Iâ€™m a box that grows whenever you put thoughts inside.","A) Notebook","B) Brain","C) Memory Box","D) Library","B"
97,"ğŸ’¬ Fact: Secrets and words are like arrows â€” once released, they canâ€™t be taken back. Choose your words wisely, they create worlds!","ğŸ”âœ‰ï¸ = ?","I can be opened many times but once changed, I cannot return.","A) Email","B) Letter","C) Secret","D) Jar","C"
98,"âŒ› Fact: Time theft is real â€” every distraction steals a piece of your life! But time also heals, teaches, and rewards those who respect it.","â°ğŸ­ = ?","I can be stolen without anyone noticing â€” and returned without reward.","A) Sleep","B) Time","C) Identity","D) Smile","B"
99,"ğŸ•µï¸ Fact: Mystery drives every discovery â€” from ancient pyramids to black holes! Without mystery, curiosity would die â€” and science too.","ğŸŒ‘ğŸ’¡ = ?","I am born when truth hides and die when light arrives.","A) Mystery","B) Dream","C) Shadow","D) Lie","A"
100,"ğŸ§  Fact: Imagination is stronger than reality! Your brain fires the same neurons when you imagine something as when you actually see it.","ğŸ’­ğŸŒ = ?","I build worlds without touching a thing.","A) Mind","B) Dream","C) Word","D) Imagination","D"
101,"ğŸ§ Fact: Curiosity fuels creativity, but too much info overwhelms your brain â€” itâ€™s called â€˜cognitive overloadâ€™. Even minds need rest!","ğŸ“šğŸ’€ = ?","I eat knowledge but die when I am fed too much.","A) Brain","B) Curiosity","C) Memory","D) Doubt","B"
102,"ğŸ—ï¸ Fact: The first newspaper was printed in 1605! Every day, news travels the world faster than sound â€” yet the paper itself never moves.","ğŸ“°ğŸŒ = ?","I never move yet I travel the world daily.","A) Internet","B) Newspaper","C) Light","D) Map","B"
103,"ğŸ¨ Fact: Art speaks in feelings, not words. Two people can see the same painting but live two different emotions â€” thatâ€™s real magic.","ğŸŒˆğŸ§© = ?","I am seen by everyone but understood by few.","A) Rainbow","B) Art","C) Dream","D) Emotion","B"
104,"ğŸ’§ Fact: Water cuts rock over centuries â€” shaping canyons! Itâ€™s the softest yet strongest force in nature â€” truly natureâ€™s sculptor.","ğŸ’¦ğŸ”ï¸ = ?","I can break mountains and heal wounds without touch.","A) Time","B) Water","C) Air","D) Hope","B"
105,"ğŸª Fact: Mirrors flip your world left-to-right, not front-to-back! Ancient cultures believed mirrors could trap souls â€” spooky science!","ğŸ”â†©ï¸ = ?","I hold whatâ€™s lost and reveal whatâ€™s hidden â€” only in reverse.","A) Mirror","B) Memory","C) Reflection","D) Camera","A"
106,"â­ Fact: Stars are ancient â€” some older than our galaxy! When you look at stars, youâ€™re seeing the past; their light took ages to reach you.","ğŸŒŒğŸŒ™ = ?","I am older than the sun, yet reborn every night.","A) Stars","B) Dreams","C) Night Sky","D) Darkness","A"
107,"ğŸ—£ï¸ Fact: Words have power â€” they can start wars or bring peace. Thatâ€™s why every culture treats spoken truth as sacred energy.","ğŸŒ¬ï¸ğŸ’£ = ?","I am made of nothing but can end everything.","A) Thought","B) Word","C) Silence","D) Idea","B"
108,"ğŸ“˜ Fact: Knowledge only grows when shared. Even in computers, sharing data duplicates it â€” energy of learning never fades.","âœ¨ğŸ«¶ = ?","I multiply when shared and die when kept.","A) Love","B) Knowledge","C) Happiness","D) Hope","B"
109,"ğŸŒ€ Fact: Nature runs on patterns â€” from DNA spirals to galaxy swirls. When patterns break, chaos begins â€” thatâ€™s how evolution happens!","ğŸ“ğŸŒ€ = ?","Iâ€™m the child of order but parent of chaos.","A) Pattern","B) Rule","C) Code","D) Logic","A"
110,"ğŸµ Fact: A pause in music is as important as the notes â€” itâ€™s called â€˜restâ€™. Even silence has rhythm if you listen deeply enough.","ğŸ¶ğŸ«¥ = ?","I canâ€™t be heard, yet I change every song.","A) Rhythm","B) Silence","C) Pause","D) Space","C"
111,"ğŸ’­ Fact: Thought signals in your brain move at nearly 400 km/h! Imagination outruns physics because it exists beyond matter.","âš¡ğŸ§  = ?","I travel faster than light but carry no mass.","A) Thought","B) Neutrino","C) Shadow","D) Memory","A"
112,"ğŸŒ… Fact: The horizon looks near but never arrives â€” itâ€™s just geometry of the Earthâ€™s curve. A perfect illusion built by nature.","ğŸš¶â€â™‚ï¸â¡ï¸ğŸ = ?","I am always in front but can never be reached.","A) Future","B) Horizon","C) Goal","D) Light","B"
113,"ğŸ¶ Fact: Music bypasses logic â€” it directly speaks to emotion. Even plants and babies respond to melody before they understand words.","ğŸ”‘â¤ï¸ = ?","I can open every heart but lock every secret.","A) Truth","B) Music","C) Trust","D) Smile","B"
114,"â˜ï¸ Fact: The cloud stores billions of memories â€” literally digital brains floating in the sky. You already live in the future!","ğŸ“±ğŸª = ?","I am a mirror that remembers what you forget.","A) Phone","B) Photo","C) Memory","D) Cloud","D"
115,"âŒ› Fact: Even dreams follow time! Your brain compresses hours into seconds â€” thatâ€™s why dreams feel long though they last minutes.","ğŸŒ™ğŸ”— = ?","Iâ€™m the only thing you canâ€™t escape, even in dreams.","A) Time","B) Death","C) Reality","D) Shadow","A"
116,"ğŸŒ¬ï¸ Fact: Air seems harmless but windstorms can carve rocks and flip oceans! Itâ€™s the invisible sculptor of the planet.","ğŸŒªï¸ğŸ’€ = ?","I walk without legs, whisper without voice, and kill without hate.","A) Fire","B) Air","C) Time","D) Virus","B"
117,"ğŸ’¡ Fact: Every invention â€” from fire to AI â€” began as a tiny invisible idea. Thought is literally the seed of human civilization.","ğŸ’«ğŸ§ = ?","I start invisible and end unforgettable.","A) Idea","B) Dream","C) Love","D) Memory","A"
118,"ğŸ•¯ï¸ Fact: Candles consume darkness by transforming wax into light. Theyâ€™re the perfect symbol of transformation through burning.","ğŸ”¥ğŸŒ‘ = ?","I eat darkness and shine brighter when fed.","A) Fire","B) Star","C) Hope","D) Candle","D"
119,"ğŸ’­ Fact: Doubt is the start of all wisdom â€” every great discovery started when someone asked, â€˜What if this isnâ€™t true?â€™.","ğŸ¤”ğŸš« = ?","Iâ€™m a question that answers itself when ignored.","A) Doubt","B) Truth","C) Fear","D) Silence","A"
120,"ğŸš€ Fact: Most big inventions â€” from electricity to the internet â€” came from arguments! Friction between minds creates fire.","ğŸ§ âš¡ğŸ§  = ?","Iâ€™m born when minds collide, not when they agree.","A) Debate","B) Innovation","C) Conflict","D) Idea","B"
121,"ğŸ•°ï¸ Fact: Experience is lifeâ€™s best teacher â€” it humbles the proud and raises the fallen. You canâ€™t skip it, only live it.","ğŸ“–ğŸ‘‘ = ?","I can make kings kneel and fools wise.","A) Knowledge","B) Book","C) Time","D) Experience","D"
122,"ğŸŒ€ Fact: Illusions fool your brain by bending light. Your mind fills the gaps â€” so what you â€˜seeâ€™ isnâ€™t always real.","â˜€ï¸ğŸ­ = ?","Iâ€™m the shadow of truth that wears lightâ€™s mask.","A) Illusion","B) Mirror","C) Reflection","D) Reality","A"
123,"ğŸ’­ Fact: Every skyscraper, movie, or invention was once a dream. Vision turns imagination into reality â€” thatâ€™s human superpower!","ğŸŒ™ğŸ—ï¸ = ?","I exist in dreams but build real worlds.","A) Idea","B) Vision","C) Imagination","D) Belief","B"
124,"ğŸŒˆ Fact: A rainbow is not real â€” itâ€™s pure light illusion! ğŸŒ¦ï¸ It appears only when sunlight bends through raindrops, and no two people see the same one.","ğŸŒ§ï¸â˜€ï¸ğŸŒˆ = ?","I fall without fear, shine without fire, and vanish without noise.","A) Dew","B) Rainbow","C) Mist","D) Light","B"
125,"ğŸ” Fact: The worldâ€™s most used password is still â€˜123456â€™. Crazy, right? ğŸ˜… A strong password is the simplest armor in the digital world.","ğŸ“±ğŸ”“ğŸŒ = ?","I open worlds with no key, yet people guard me like treasure.","A) Phone","B) Password","C) Internet","D) Brain","B"
126,"â³ Fact: A clockâ€™s hands never stop â€” they symbolize endless time. Even when broken, itâ€™s right twice a day! â°","â°ğŸƒâ€â™‚ï¸ = ?","I have hands but canâ€™t hug, and I run without legs.","A) Clock","B) Watch","C) Time","D) Alarm","A"
127,"â˜ï¸ Fact: Clouds are just floating oceans â€” a single cloud can weigh millions of kilograms! â˜ï¸ğŸŒŠ","â˜ï¸ğŸ’§ = ?","I can fly without wings, and cry without eyes.","A) Cloud","B) Sky","C) Rain","D) Storm","A"
128,"ğŸ­ Fact: Masks are thousands of years old â€” from ancient Greek theatres to superhero movies, theyâ€™ve always told untold stories.","ğŸ­ğŸ¤« = ?","I wear a face but no eyes, a mouth but no voice.","A) Mask","B) Robot","C) Statue","D) Shadow","A"
129,"â›„ Fact: A snowman survives only because of cold. Itâ€™s natureâ€™s reminder that not everything born in beauty can last forever â„ï¸.","ğŸ•¯ï¸ğŸ”¥â„ï¸ = ?","Iâ€™m born from fire but melt in warmth.","A) Wax","B) Candle","C) Ice","D) Snowman","D"
130,"ğŸ“¸ Fact: Every selfie is actually a reflection captured forever â€” light bouncing back through sensors, freezing a second in time.","ğŸ“±ğŸªğŸ‘€ = ?","I hide in glass but never break it.","A) Reflection","B) Camera","C) Screen","D) Shadow","B"
131,"ğŸŒ• Fact: The Moon pulls Earthâ€™s oceans with its gravity, causing tides! ğŸŒŠ Even from 3.8 lakh km away, it moves entire seas.","ğŸŒ•ğŸŒŠ = ?","I move oceans without touching them.","A) Gravity","B) Moon","C) Wind","D) Storm","B"
132,"â˜€ï¸ Fact: The Sunâ€™s light reaches Earth in just 8 minutes â€” thatâ€™s 150 million km away! Itâ€™s pure cosmic speed. â˜„ï¸","â˜€ï¸ğŸ˜ğŸ”¥ = ?","I can burn you without fire and blind you without light.","A) Heat","B) Light","C) Sun","D) Reflection","C"
133,"ğŸª„ Fact: Magic isnâ€™t in the trick â€” itâ€™s in your brain! ğŸ© Our brains *want* to believe what we see, thatâ€™s why illusions fool us.","ğŸ§šâœ¨ = ?","I disappear when you stop believing.","A) Magic","B) Dream","C) Hope","D) Wish","A"
134,"ğŸ“ Fact: Words are sharper than swords â€” one sentence can build or break a life. The pen truly rules the world. âœï¸","âœï¸ğŸ¤«ğŸ“– = ?","Iâ€™m sharp but never cut, and silent but always heard.","A) Pen","B) Pencil","C) Word","D) Thought","C"
135,"ğŸ“· Fact: A photo freezes only one frame of truth â€” not what really was. ğŸ“¸ Memories are feelings; pictures are pixels.","ğŸ“¸ğŸªğŸ‘ï¸ = ?","I can show you truth but not reality.","A) Camera","B) Mirror","C) Photo","D) Reflection","C"
136,"ğŸ§  Fact: Thoughts move faster than speech â€” your brain forms them before you realize. Silence is just sound you havenâ€™t spoken yet.","ğŸ˜¶â€ğŸŒ«ï¸ğŸ’­ = ?","Iâ€™m the quietest scream and the loudest silence.","A) Thought","B) Emotion","C) Memory","D) Fear","A"
137,"ğŸ–±ï¸ Fact: The first computer mouse was made of wood! ğŸªµ It literally changed the way humans interact with machines.","ğŸ–±ï¸ğŸŒâš¡ = ?","Iâ€™m tiny but can change your world with one click.","A) Mouse","B) Button","C) App","D) Link","A"
138,"ğŸŒ• Fact: The Moon shines only by borrowing sunlight â€” itâ€™s a cosmic mirror. ğŸŒ™ Thatâ€™s why it changes shape every night.","ğŸŒ§ï¸ğŸŒ• = ?","I cry silver tears and light your way.","A) Stars","B) Moon","C) Night","D) River","B"
139,"ğŸ¤– Fact: AI doesnâ€™t dream â€” but it learns while you sleep! Machines are becoming artists without ever feeling emotion.","ğŸ’»ğŸŒ™ = ?","I never sleep, yet I dream for others.","A) Internet","B) Server","C) AI","D) Robot","C"
140,"ğŸ–¤ Fact: A chalkboard works by friction â€” the chalk leaves dust that reflects light. The cleaner it is, the darker it looks!","ğŸª¶ğŸ§½ = ?","Iâ€™m black when clean, white when dirty.","A) Blackboard","B) Chalk","C) Paper","D) Mirror","A"
141,"ğŸŒ Fact: The Internet is like a global brain â€” over 4 billion â€˜neuronsâ€™ (humans) connected by invisible data roots! ğŸŒ","ğŸ“¡ğŸŒ = ?","I have roots but no soil, veins but no blood.","A) Internet","B) Tree","C) Network","D) Web","C"
142,"ğŸ“· Fact: Cameras literally freeze photons â€” particles of light â€” into still art. Each click captures a time that will never return.","ğŸ“¸ğŸ‘ï¸ = ?","I can stop time with just one blink.","A) Camera","B) Eye","C) Memory","D) Snapshot","A"
143,"ğŸ¶ Fact: Music activates more brain areas than any other activity! Thatâ€™s why one song can bring back your childhood in seconds.","ğŸµğŸ§ â¤ï¸ = ?","I live in your head but rent space in your heart.","A) Memory","B) Song","C) Thought","D) Emotion","B"
144,"ğŸŒŒ Fact: Life itself is an unanswered question â€” even science admits we donâ€™t know *why* we exist, only *how* we do.","â“â™¾ï¸ = ?","Iâ€™m a question that no answer can finish.","A) Life","B) Mystery","C) Love","D) Universe","A"
145,"ğŸ—£ï¸ Fact: Words connect or divide nations. The right one can end a war, the wrong one can start it. ğŸ’£ğŸ’¬","ğŸ’¬ğŸŒ‰ = ?","I build walls with no bricks and bridges with no roads.","A) Words","B) Friendship","C) Communication","D) Thought","A"
146,"ğŸ’” Fact: People smile even when theyâ€™re breaking inside â€” the brain releases dopamine to fake calmness. ğŸ˜ Itâ€™s emotional armor.","ğŸ™‚ğŸ¤«â¤ï¸ = ?","I hide behind smiles and live in silence.","A) Pain","B) Love","C) Secret","D) Fear","A"
147,"ğŸ›ï¸ Fact: Architecture is frozen music â€” every structure starts as imagination and ends as geometry. ğŸ¶ğŸ°","ğŸ—ï¸ğŸ’­ = ?","Iâ€™m made from dreams but built by hands.","A) Invention","B) Creation","C) Art","D) Architecture","D"
148,"ğŸ“¸ Fact: Cameras â€˜seeâ€™ through light only â€” in darkness, they are blind. Thatâ€™s why flash exists: artificial sunlight in your pocket.","ğŸ“·ğŸ’¡ = ?","I chase light but disappear in darkness.","A) Shadow","B) Camera","C) Reflection","D) Photo","B"
149,"ğŸ”¥ Fun Fact: Fire isnâ€™t a thing â€” itâ€™s a reaction! Itâ€™s literally atoms dancing in heat and light. ğŸ’ƒğŸ”¥","ğŸ”¥ğŸ’§âŒ = ?","Iâ€™m born from heat but afraid of water. Touch me and I disappear!","A) Smoke","B) Fire","C) Steam","D) Shadow","B"
150,"ğŸ“² Fact: Face ID scans over 30,000 invisible dots to unlock your phone. High-tech magic! ğŸ§ âœ¨","ğŸ“±ğŸ”’ğŸ˜Š = ?","I guard your secrets but open with a smile.","A) Password","B) Phone","C) Face ID","D) Diary","C"
151,"ğŸ›°ï¸ Fun Fact: Satellites orbit Earth 22,000 miles up â€” sending your WhatsApp messages in milliseconds! ğŸš€","ğŸŒğŸ“ = ?","I can talk to anyone, anywhere, but never move from my place.","A) Tower","B) Internet","C) Telephone","D) Satellite","D"
152,"ğŸ“º Fun Fact: The average child watches over 15,000 hours of TV before age 18! ğŸ˜…","âš¡ğŸ“ºğŸ¿ = ?","I eat electricity but feed you stories.","A) Mobile","B) TV","C) Laptop","D) Projector","B"
153,"ğŸ“± Fact: A smartphone today is more powerful than the computer NASA used to send humans to the moon! ğŸŒ•ğŸš€","ğŸŒğŸ¤²ğŸ“± = ?","I live in your hand but know the whole world.","A) Smartphone","B) Globe","C) Map","D) Brain","A"
154,"ğŸ’¡ Fact: Wikipedia has over 60 million pages â€” written by people, not robots! ğŸ¤¯","ğŸ“–ğŸ’» = ?","I have millions of pages but no paper.","A) Internet","B) E-book","C) Wikipedia","D) Library","C"
155,"ğŸ§… Fun Fact: Onions release a gas that makes your eyes produce tears. Itâ€™s science crying! ğŸ§ªğŸ˜‚","ğŸ˜­ğŸ”ªğŸ§… = ?","I cry when you cut me but I never complain.","A) Tomato","B) Onion","C) Garlic","D) Soap","B"
156,"ğŸ¦ Fact: Ice cream was once a royal dessert â€” only kings could afford it 400 years ago! ğŸ‘‘ğŸ¨","ğŸ¦ğŸ¥¶ğŸ”¥ = ?","I stay cold but make everyone hot for me.","A) Ice Cream","B) AC","C) Ice Cube","D) Refrigerator","A"
157,"ğŸ”¥ Fun Fact: Fire is the only element that can move upward â€” it literally climbs! ğŸ”¥â¬†ï¸","ğŸ”¥ğŸªµğŸ’¨ = ?","Iâ€™m not alive, but I grow. I donâ€™t have lungs, but I need air.","A) Candle Flame","B) Fire","C) Balloon","D) Plant","B"
158,"ğŸ“¹ Fact: There are over 1 billion CCTV cameras in the world â€” someoneâ€™s always watching! ğŸ‘€","ğŸ“¹ğŸ ğŸ‘ï¸ = ?","I can see you but have no eyes â€” Iâ€™m in your wall, not in disguise.","A) Window","B) CCTV Camera","C) Mirror","D) Doorbell","B"
159,"ğŸ’ Fun Fact: Gorilla Glass can survive a drop from 1.5 meters â€” tougher than it looks! ğŸ¦ğŸ“±","ğŸ“±ğŸªŸğŸ’ª = ?","Iâ€™m made of glass but stronger than steel.","A) Window","B) Gorilla Glass","C) Shield","D) Mirror","B"
160,"ğŸŒŸ Fun Fact: The oldest horoscope ever found is from 410 BC â€” even stars had fans! âœ¨","ğŸª„ğŸ“œ = ?","I have no hands but can write your future.","A) Pen","B) Horoscope","C) Destiny","D) Time","B"
161,"ğŸ§  Fact: Your subconscious keeps working even when you sleep â€” thatâ€™s why ideas come at night! ğŸŒŒ","ğŸŒ™ğŸ’­ğŸ‘· = ?","I work only when you sleep.","A) Dream","B) Brain","C) Subconscious","D) Memory","C"
162,"ğŸ—ºï¸ Fact: Modern GPS maps can zoom from galaxies to your doorstep â€” real-world magic! ğŸŒâœ¨","ğŸ”ï¸ğŸ“±ğŸ¤ = ?","I can hold a mountain but fit in your pocket.","A) Phone","B) Map App","C) Calculator","D) Game","B"
163,"ğŸ’¡ Fact: Confidence is like glass â€” one crack and it takes time to rebuild. ğŸªğŸ’ª","ğŸ’”â¬‡ï¸âŒ = ?","I break before I fall, but Iâ€™m not made of glass.","A) Trust","B) Heart","C) Promise","D) Confidence","D"
164,"ğŸ•’ Fun Fact: Every second, millions of clocks tick together â€” the world runs on rhythm! â³","â°ğŸƒ = ?","I have a face, but no eyes; I run, but never walk.","A) Watch","B) Clock","C) Compass","D) Timer","B"
165,"ğŸ’¡ Fact: Nightlights were invented to help kids afraid of darkness â€” a glow of comfort! ğŸŒœğŸ’¤","ğŸ’¡ğŸŒ™ğŸ›Œ = ?","I never sleep, but I help you rest.","A) Lamp","B) Fan","C) Nightlight","D) Dream","C"
166,"ğŸ‘¾ Fun Fact: Games like Minecraft or Fortnite generate billions in creativity â€” fear + fun combo! ğŸ®ğŸ”¥","ğŸ®ğŸ‘¾ğŸ˜± = ?","I have no mouth but can make you scream!","A) Horror Game","B) Ghost","C) Headphones","D) Movie","A"
167,"â˜€ï¸ Fact: The Sun doesnâ€™t rise or set â€” itâ€™s Earth spinning! ğŸŒğŸ’«","ğŸŒ…ğŸŒ„ğŸŒ™ = ?","I die every night and am reborn every morning.","A) Sun","B) Shadow","C) Light","D) Dream","A"
168,"ğŸ“· Fact: A photo captures 1/1000th of a second â€” freezing time forever! â³âœ¨","ğŸ“¸ğŸ•°ï¸âœ‹ = ?","I can stop time without touching it.","A) Photo","B) Memory","C) Freeze","D) Pause Button","A"
169,"ğŸª‘ Fun Fact: The chair was once considered a throne â€” only kings could sit on one! ğŸ‘‘ğŸª‘","ğŸª‘ğŸ¦µğŸ¤—âŒ = ?","I have arms but canâ€™t hug, legs but canâ€™t walk.","A) Robot","B) Chair","C) Doll","D) Table","B"
170,"â™Ÿï¸ Fact: Chess has more possible moves than atoms in the universe! ğŸ¤¯","â™Ÿï¸ğŸš¶â€â™‚ï¸ğŸ“œ = ?","I follow rules but make my own path.","A) Chess Piece","B) Student","C) Artist","D) Leader","A"
171,"ğŸ’¾ Fact: One modern SSD can store more data than an entire library from the 1900s! ğŸ“šğŸ’½","ğŸ’¾ğŸŒŠğŸ–¥ï¸ = ?","I can store oceans but fit on your desk.","A) Cloud","B) Hard Drive","C) USB","D) Internet","B"
172,"ğŸ’­ Fun Fact: Every invention ever started as a single thought â€” ideas rule the world! ğŸŒğŸ’¥","ğŸ§ ğŸ’¡âœï¸ = ?","I can erase mountains, build bridges, and change lives â€” all without sound.","A) Idea","B) Dream","C) Knowledge","D) Plan","A"
173,"ğŸ“˜ Fact: Reading one book can take you more places than a plane ever can. ğŸš€ğŸ“–","ğŸ“šğŸŒğŸ¦¶âŒ = ?","Iâ€™m a traveler with no legs, a teacher with no voice.","A) Book","B) Wind","C) Cloud","D) Internet","A"
174,"ğŸ’­ Fact: Studies show smiling can hide sadness â€” even scientists call it the â€˜mask of emotionsâ€™. ğŸ­","ğŸ˜‚ğŸ¤« = ?","I hide behind your laughter and live in your silence.","A) Thought","B) Pain","C) Secret","D) Dream","B"
175,"ğŸ“– Fact: Stories are humanityâ€™s oldest way of keeping people alive â€” long after theyâ€™re gone. ğŸŒŒ","ğŸ•°ï¸ğŸ§ ğŸ’” = ?","I die when you forget me, but live forever in memories.","A) Time","B) Love","C) Memory","D) Story","D"
176,"ğŸŒ¬ï¸ Fact: Wind is actually moving air caused by pressure changes â€” invisible yet unstoppable! ğŸ’¨ğŸ”¥","ğŸ’¨ğŸ˜­ğŸ•Šï¸ = ?","I can fly without wings and cry without eyes.","A) Cloud","B) Dream","C) Wind","D) Music","C"
177,"ğŸ“· Fact: The first photo ever took 8 hours to capture â€” imagine that selfie struggle! ğŸ˜…ğŸ“¸","ğŸ“¸ğŸ‘€âŒ = ?","I hold thousands of faces but never blink.","A) Mirror","B) Camera","C) Album","D) Memory","B"
178,"ğŸ“¡ Fact: Wi-Fi waves travel through walls and air â€” but not your momâ€™s anger when itâ€™s slow! ğŸ˜‚","ğŸŒŠâœˆï¸ğŸ’¨ = ?","I can cross oceans, yet Iâ€™m lighter than air.","A) Bird","B) Cloud","C) Sound","D) Wi-Fi","D"
179,"ğŸ’˜ Fact: Love triggers the same brain region as pain â€” thatâ€™s why heartbreak literally hurts. ğŸ’”ğŸ§ ","â¤ï¸ğŸ”¥â„ï¸ = ?","I can burn without fire and freeze without ice.","A) Emotion","B) Heart","C) Anger","D) Love","D"
180,"ğŸŒ Fact: Every choice is a puzzle piece of your life â€” it fits when you look back. ğŸ§©ğŸ’«","ğŸ§©ğŸ§  = ?","Iâ€™m seen in pieces but only understood whole.","A) Puzzle","B) Mind","C) Story","D) Life","D"
181,"ğŸ’¡ Fact: Your brain creates new ideas by combining unrelated memories â€” creativity is remixing! ğŸ¨ğŸ§ ","ğŸŒ‘âœ¨ = ?","I am born in darkness but shine in the light.","A) Star","B) Idea","C) Hope","D) Firefly","B"
182,"ğŸ’­ Fact: Imagination activates 70% of your brain â€” even more than real experiences! ğŸ§ ğŸ’«","ğŸ¤«ğŸ¶ = ?","I can scream in silence and sing in stillness.","A) Thought","B) Dream","C) Memory","D) Imagination","D"
183,"ğŸ’§ Fact: Water exists as liquid, solid, and gas â€” the ultimate shape-shifter! ğŸŒŠâ„ï¸â˜ï¸","ğŸŒŠğŸ” = ?","I change shapes but never lose myself.","A) Water","B) Shadow","C) Air","D) Smoke","A"
184,"â˜€ï¸ Fact: Light has all colors inside â€” white light splits into a rainbow. ğŸŒˆğŸ’¡","ğŸŒˆâšªğŸ¨ = ?","I have no color but paint the world.","A) Light","B) Imagination","C) Emotion","D) Time","A"
185,"ğŸŒ Fact: The internet connects over 5 billion people â€” itâ€™s the digital heartbeat of Earth! ğŸ’»â¤ï¸","ğŸ’ğŸŒ = ?","I connect hearts faster than any road.","A) Internet","B) Friendship","C) Love","D) Call","A"
186,"ğŸ¤« Fact: Thereâ€™s no sound in outer space â€” true silence only exists beyond Earth! ğŸŒŒğŸš€","ğŸ¤â“ = ?","I disappear the moment you name me.","A) Secret","B) Silence","C) Shadow","D) Memory","B"
187,"ğŸ«¶ Fact: The word â€˜promiseâ€™ comes from Latin â€˜promittereâ€™ â€” meaning â€˜to send forwardâ€™. ğŸ’Œ","ğŸ¤ğŸ” = ?","I can be broken, spoken, or kept forever.","A) Secret","B) Trust","C) Promise","D) Heart","C"
188,"âš¡ Fact: The light we see from stars today actually left millions of years ago â€” a time traveler! ğŸš€âœ¨","â³ğŸŒŒ = ?","Iâ€™m older than time but found in every second.","A) Universe","B) Light","C) Energy","D) Truth","B"
189,"ğŸŒ§ï¸ Fact: A raindrop can fall at speeds up to 32 km/h â€” tiny missiles of freshness! ğŸ’§âš¡","ğŸŒ§ï¸ğŸŒ = ?","I fall without moving and rise without legs.","A) Shadow","B) Rain","C) Sunlight","D) Temperature","B"
190,"ğŸ’˜ Fact: The human heart can sense emotional signals from others â€” real emotional Wi-Fi! ğŸŒâ¤ï¸","ğŸ’ğŸŒğŸ•¸ï¸ = ?","Iâ€™m invisible, yet I connect every heartbeat on Earth.","A) Internet","B) Emotion","C) Energy","D) Love","D"
191,"ğŸŒ¬ï¸ Fact: Over time, strong winds can literally erode mountains â€” slow but mighty. ğŸ’ªğŸ’¨","ğŸ’¨ğŸ”ï¸ğŸ’¥ = ?","I can break mountains, yet Iâ€™m made of nothing.","A) Wind","B) Sound","C) Time","D) Echo","A"
192,"ğŸ§  Fact: Your brain makes 70,000 thoughts a day â€” more traffic than Mumbai streets! ğŸš—ğŸ’­","ğŸ§ ğŸ’­ = ?","Iâ€™m alive without life, moving without motion.","A) Thought","B) Shadow","C) Dream","D) Spirit","A"
193,"ğŸ“» Fact: Radio waves travel at light speed â€” the oldest social network ever made! ğŸŒğŸ™ï¸","ğŸ“¡ğŸ—£ï¸ğŸ“ = ?","I carry voices from miles away but never speak myself.","A) Signal","B) Radio","C) Telephone","D) Satellite","B"
194,"ğŸ“– Fact: Reading rewires your brain â€” it literally makes you smarter over time! ğŸ§ âš¡","ğŸ“šğŸ’ª = ?","I have no bones, yet I make spines strong.","A) Book","B) Motivation","C) Knowledge","D) Truth","A"
195,"ğŸŒŸ Fact: Every culture has a word for â€˜soulâ€™ â€” even before religion existed! ğŸŒâœ¨","â¤ï¸ğŸ‘ï¸ = ?","Iâ€™m felt, not touched. Iâ€™m seen, not visible.","A) Love","B) Emotion","C) Soul","D) Thought","C"
196,"ğŸ’¬ Fact: A single speech has changed history â€” words build or burn worlds. ğŸ”¥ğŸ•Šï¸","ğŸ•Šï¸ğŸ’£ğŸ—£ï¸ = ?","I can stop wars or start them â€” depends on how Iâ€™m used.","A) Power","B) Words","C) Peace","D) Voice","B"
197,"ğŸ’¡ Fact: When you sleep, your brain shuts out light to reset your internal clock. â°ğŸ’¤","ğŸŒ™ğŸ˜´ğŸ“´ = ?","I die every time you close your eyes.","A) Screen","B) Day","C) Reality","D) Light","D"
198,"âŒ› Fact: The future never arrives â€” it always stays just one second ahead! â³ğŸš€","ğŸ•°ï¸â¡ï¸ğŸª = ?","Iâ€™m always ahead but never move an inch.","A) Future","B) Reflection","C) Shadow","D) Thought","A"
